TARGET_CLASS,configuration_id,criterion,ctg_min_time_per_job,ctg_schedule,search_budget,p_object_pool,ctg_time_per_class,Size,Length,Total_Time,Random_Seed,LineCoverage,LineCoverageBitString,BranchCoverage,BranchCoverageBitString,ExceptionCoverage,ExceptionCoverageBitString,Explicit_MethodExceptions,Explicit_TypeExceptions,Implicit_MethodExceptions,Implicit_TypeExceptions,WeakMutationScore,WeakMutationCoverageBitString,OutputCoverage,OutputCoverageBitString,MethodCoverage,MethodCoverageBitString,MethodNoExceptionCoverage,MethodNoExceptionCoverageBitString,CBranchCoverage,CBranchCoverageBitString
net.mooctest.MatrixInverse,default,LINE;BRANCH;EXCEPTION;WEAKMUTATION;OUTPUT;METHOD;METHODNOEXCEPTION;CBRANCH,1,BUDGET,65,0.3,2,20,66,83600,1654581192821,1.0,1111111111111111111111111111111111111111111111,1.0,111111111111111111111111111111111111111111111,1.0,11111111,0,0,8,2,0.9731800766283525,111111111111111111111111111110111111111111110111111111111111111111111111111111111111111111111111111111111110111111111111101111111111111111111111111111111111111111111111111111011111111111101111111111111111111111111111111111111111111111111011111111111111111111111111101111111111111111111111111111111111111111111111111111111111111101111111111111111111111111111111111111111111101111111101111111111111111111111111111111111111111011111111111111111111111111111111011111111111111111011111111111111111111111111111111111111111111111,0.8571428571428571,1101111,1.0,11111,1.0,11111,1.0,111111111111111111111111111111111111111111111
