TARGET_CLASS,configuration_id,criterion,ctg_min_time_per_job,ctg_schedule,search_budget,p_object_pool,ctg_time_per_class,Size,Length,Total_Time,Random_Seed,LineCoverage,LineCoverageBitString,BranchCoverage,BranchCoverageBitString,ExceptionCoverage,ExceptionCoverageBitString,Explicit_MethodExceptions,Explicit_TypeExceptions,Implicit_MethodExceptions,Implicit_TypeExceptions,WeakMutationScore,WeakMutationCoverageBitString,OutputCoverage,OutputCoverageBitString,MethodCoverage,MethodCoverageBitString,MethodNoExceptionCoverage,MethodNoExceptionCoverageBitString,CBranchCoverage,CBranchCoverageBitString
net.mooctest.AbstractBinaryTree,default,LINE;BRANCH;EXCEPTION;WEAKMUTATION;OUTPUT;METHOD;METHODNOEXCEPTION;CBRANCH,1,BUDGET,199,0.3,5,51,748,399950,1654591405595,0.5878378378378378,1111110000000000000000000100010001111111001111111111111111111111111111111111111111111111111111111111111111110000000000000000000000000011111100000000,0.6391752577319587,1111111111111111111111111111100000000000000001111111101110100001111101111111111111111000000000000,1.0,11111111111111111111111,0,0,18,3,0.4504950495049505,11111111111111111101111111111111111111111111111101111010111111111111111111111111111111111111111111111100000000000000000000000000000000000000000000000000000000000000000000000000000000000000000000000000000000111111111111111111111010100001000100000000011110111110111111000000111111111111111111111111111111111111111111110000000000000000000000000000000000000000000000000000000000000000000000000000000000000000,0.5121951219512195,11101101000100100100111010111100100100101,1.0,1111111111111111111,0.9473684210526315,1110111111111111111,0.30927835051546393,1111111100111111100000000001100000000000000001100000000000000001111101111110000000000000000000000
