TARGET_CLASS,configuration_id,criterion,ctg_min_time_per_job,ctg_schedule,search_budget,p_object_pool,ctg_time_per_class,Size,Length,Total_Time,Random_Seed,LineCoverage,LineCoverageBitString,BranchCoverage,BranchCoverageBitString,ExceptionCoverage,ExceptionCoverageBitString,Explicit_MethodExceptions,Explicit_TypeExceptions,Implicit_MethodExceptions,Implicit_TypeExceptions,WeakMutationScore,WeakMutationCoverageBitString,OutputCoverage,OutputCoverageBitString,MethodCoverage,MethodCoverageBitString,MethodNoExceptionCoverage,MethodNoExceptionCoverageBitString,CBranchCoverage,CBranchCoverageBitString
net.mooctest.ALU,default,LINE;BRANCH;EXCEPTION;WEAKMUTATION;OUTPUT;METHOD;METHODNOEXCEPTION;CBRANCH,1,BUDGET,65,0.3,2,50,713,121235,1654590403862,0.9324324324324325,111111111111111111111111111111111111111111111111111111111111111111111111111111111111111111111110000000001111001111110111111111110111111111111111110110111111111111111111111111111111111111111111111111111111111111111111111111,0.8827586206896552,1111111111111111111111101111111110111100000111010111110001111111111111101111111101010111110111111111111111111111111111111111111111111111111111111,1.0,11111111111111111111111111,0,0,26,4,0.9809926082365364,11111111111111111111111111111111111111111111111111111111111111111111111111111111111111111111111111111111101111111111111111111111111111111111111111111111111111111111111111111111111111111101111111001110111111111111111111111111111111111111111111111111111111111111111111111111111111111111111111111111111111111111101111111101111111110010111111111111111111111111111111110111111111011111111111111110111111101111111111111111111111110111111111111111111111111111111111111111111101111111111111111111111111111111111111111111111111111111111111111111111111111111111111111111111111111111111111111111111111111111111111111111111111111111111111111111111111111111111111111111111111111111111111111111111111111111111111111111111111111111111111111111111111111111111111111111111111111111111111111111111111111111111111111111111111111111111111111111111111111111111111111111111111111111111111111111111111111111011111111111111111111111111111111111111111111110111111111111111,0.4444444444444444,010010010010010010110110010010110110011010010,1.0,1111111111111111,1.0,1111111111111111,0.8827586206896552,1111111111111111111111110111111110111100000110101111101001111111111111110111111101001111110111111111111111111111111111111111111111111111111111111
